Id,Label
tt0822832_1,Set-Up
tt0822832_2,Set-Up
tt0822832_4,Set-Up
tt0822832_6,Set-Up
tt0822832_7,Set-Up
tt0822832_9,Set-Up
tt0822832_10,Set-Up
tt0822832_11,Set-Up
tt0822832_12,Set-Up
tt0822832_13,Set-Up
tt0822832_14,Set-Up
tt0822832_16,Set-Up
tt0822832_17,Set-Up
tt0822832_18,Set-Up
tt0822832_19,Set-Up
tt0822832_20,Set-Up
tt0822832_21,Set-Up
tt0822832_22,Set-Up
tt0822832_24,Set-Up
tt0822832_26,Set-Up
tt0822832_27,Set-Up
tt0822832_29,Set-Up
tt0822832_30,Set-Up
tt0822832_32,Set-Up
tt0822832_33,Set-Up
tt0822832_34,Set-Up
tt0822832_35,Set-Up
tt0822832_36,Set-Up
tt0822832_37,Set-Up
tt0822832_38,Set-Up
tt0822832_39,Set-Up
tt0822832_40,Set-Up
tt0822832_41,Set-Up
tt0822832_42,Set-Up
tt0822832_43,Set-Up
tt0822832_44,Set-Up
tt0822832_45,Set-Up
tt0822832_46,Set-Up
tt0822832_47,Set-Up
tt0822832_48,Set-Up
tt0822832_50,Set-Up
tt0822832_52,Set-Up
tt0822832_54,Set-Up
tt0822832_56,Set-Up
tt0822832_57,Set-Up
tt0822832_59,Set-Up
tt0822832_61,Set-Up
tt0822832_62,Set-Up
tt0822832_64,Set-Up
tt0822832_65,Set-Up
tt0822832_67,Set-Up
tt0822832_69,Set-Up
tt0822832_70,Set-Up
tt0822832_72,Set-Up
tt0822832_73,Set-Up
tt0822832_74,Set-Up
tt0822832_75,Set-Up
tt0822832_77,Set-Up
tt0822832_78,Set-Up
tt0822832_79,Set-Up
tt0822832_80,Set-Up
tt0822832_81,Set-Up
tt0822832_82,Set-Up
tt0822832_84,Set-Up
tt0822832_85,Set-Up
tt0822832_87,Set-Up
tt0822832_89,Set-Up
tt0822832_90,Set-Up
tt0822832_91,Set-Up
tt0822832_93,Set-Up
tt0822832_94,Set-Up
tt0822832_95,Set-Up
tt0822832_96,Set-Up
tt0822832_97,Set-Up
tt0822832_99,Set-Up
tt0822832_101,Set-Up
tt0822832_103,Set-Up
tt0822832_105,Set-Up
tt0822832_107,Set-Up
tt0822832_109,Set-Up
tt0822832_110,Set-Up
tt0822832_111,Set-Up
tt0822832_112,Set-Up
tt0822832_113,Set-Up
tt0822832_115,Set-Up
tt0822832_117,Set-Up
tt0970416_5,Set-Up
tt0970416_7,Set-Up
tt0970416_9,Set-Up
tt0970416_10,Set-Up
tt0970416_11,Set-Up
tt0970416_13,Set-Up
tt0970416_15,Set-Up
tt0970416_16,Set-Up
tt0970416_18,Set-Up
tt0970416_20,Set-Up
tt0970416_22,Set-Up
tt0970416_23,Set-Up
tt0970416_25,Set-Up
tt0970416_27,Set-Up
tt0970416_31,Set-Up
tt0970416_33,Set-Up
tt0970416_37,Set-Up
tt0970416_39,Set-Up
tt0970416_41,Set-Up
tt0970416_43,Set-Up
tt0970416_45,Set-Up
tt0970416_47,Set-Up
tt0970416_50,Set-Up
tt0970416_52,Set-Up
tt0970416_53,Set-Up
tt0970416_55,Set-Up
tt0970416_59,Set-Up
tt0970416_61,Set-Up
tt0970416_63,Set-Up
tt0970416_65,Set-Up
tt0970416_67,Set-Up
tt0970416_68,Set-Up
tt0970416_70,Set-Up
tt0970416_72,Set-Up
tt0970416_74,Set-Up
tt0970416_76,Set-Up
tt0970416_79,Set-Up
tt0970416_81,Set-Up
tt0970416_83,Set-Up
tt0970416_85,Set-Up
tt0970416_86,Set-Up
tt0970416_88,Set-Up
tt0970416_90,Set-Up
tt0970416_94,Set-Up
tt0970416_96,Set-Up
tt0970416_98,Set-Up
tt0970416_99,Set-Up
tt0970416_100,Set-Up
tt0970416_102,Set-Up
tt0970416_104,Set-Up
tt0970416_105,Set-Up
tt0988595_2,Set-Up
tt0988595_3,Set-Up
tt0988595_4,Set-Up
tt0988595_5,Set-Up
tt0988595_6,Set-Up
tt0988595_7,Set-Up
tt0988595_8,Set-Up
tt0988595_9,Set-Up
tt0988595_10,Set-Up
tt0988595_11,Set-Up
tt0988595_12,Set-Up
tt0988595_13,Set-Up
tt0988595_15,Set-Up
tt0988595_16,Set-Up
tt0988595_17,Set-Up
tt0988595_18,Set-Up
tt0988595_19,Set-Up
tt0988595_20,Set-Up
tt0988595_21,Set-Up
tt0988595_23,Set-Up
tt0988595_26,Set-Up
tt0988595_27,Set-Up
tt0988595_29,Set-Up
tt0988595_30,Set-Up
tt0988595_31,Set-Up
tt0988595_32,Set-Up
tt0988595_33,Set-Up
tt0988595_34,Set-Up
tt0988595_35,Set-Up
tt0988595_37,Set-Up
tt0988595_38,Set-Up
tt0988595_39,Set-Up
tt0988595_40,Set-Up
tt0988595_41,Set-Up
tt0988595_42,Set-Up
tt0988595_45,Set-Up
tt0988595_46,Set-Up
tt0988595_47,Set-Up
tt0988595_48,Set-Up
tt0988595_49,Set-Up
tt0988595_51,Set-Up
tt0988595_52,Set-Up
tt0988595_53,Set-Up
tt0988595_54,Set-Up
tt0988595_55,Set-Up
tt0988595_56,Set-Up
tt0988595_57,Set-Up
tt0988595_58,Set-Up
tt0988595_59,Set-Up
tt0988595_60,Set-Up
tt0988595_61,Set-Up
tt0988595_62,Set-Up
tt0988595_64,Set-Up
tt0988595_65,Set-Up
tt0988595_67,Set-Up
tt0988595_68,Set-Up
tt0988595_69,Set-Up
tt0988595_70,Set-Up
tt0988595_71,Set-Up
tt0988595_74,Set-Up
tt0988595_75,Set-Up
tt0988595_76,Set-Up
tt0988595_77,Set-Up
tt0988595_78,Set-Up
tt0988595_79,Set-Up
tt0988595_80,Set-Up
tt0988595_81,Set-Up
tt0988595_82,Set-Up
tt0988595_83,Set-Up
tt0988595_84,Set-Up
tt0988595_85,Set-Up
tt0988595_86,Set-Up
tt0988595_87,Set-Up
tt0988595_88,Set-Up
tt0988595_89,Set-Up
tt0988595_90,Set-Up
tt0988595_92,Set-Up
tt0988595_93,Set-Up
tt0988595_94,Set-Up
tt0988595_95,Set-Up
tt0988595_96,Set-Up
tt0988595_97,Set-Up
tt0988595_98,Set-Up
tt0988595_100,Set-Up
tt0988595_102,Set-Up
tt0988595_103,Set-Up
tt0988595_104,Set-Up
tt0988595_105,Set-Up
tt0988595_106,Set-Up
tt0988595_107,Set-Up
tt0988595_108,Set-Up
tt0988595_109,Set-Up
tt0988595_110,Set-Up
tt0988595_111,Set-Up
tt0988595_112,Set-Up
tt0988595_113,Set-Up
tt0988595_114,Set-Up
tt0988595_115,Set-Up
tt0988595_116,Set-Up
tt0988595_117,Set-Up
tt0988595_118,Set-Up
tt0988595_119,Set-Up
tt0988595_120,Set-Up
tt0988595_121,Set-Up
tt0988595_122,Set-Up
tt0988595_123,Set-Up
tt0988595_127,Set-Up
tt0988595_128,Set-Up
tt0988595_129,Set-Up
tt0988595_130,Set-Up
tt0988595_131,Set-Up
tt0988595_132,Set-Up
tt0988595_133,Set-Up
tt0988595_134,Set-Up
tt0988595_135,Set-Up
tt0988595_136,Set-Up
tt0988595_137,Set-Up
tt0988595_138,Set-Up
tt0988595_139,Set-Up
tt0988595_140,Set-Up
tt0988595_141,Set-Up
tt0988595_142,Set-Up
tt0988595_143,Set-Up
tt0988595_144,Set-Up
tt0988595_145,Set-Up
tt0988595_146,Set-Up
tt0988595_147,Set-Up
tt0988595_148,Set-Up
tt0988595_149,Set-Up
tt0988595_150,Set-Up
tt0988595_152,Set-Up
tt0988595_153,Set-Up
tt0988595_154,Set-Up
tt0988595_155,Set-Up
tt0988595_156,Set-Up
tt0988595_157,Set-Up
tt0988595_158,Set-Up
tt0988595_159,Set-Up
tt0988595_160,Set-Up
tt0988595_161,Set-Up
tt0988595_162,Set-Up
tt0988595_163,Set-Up
tt0988595_164,Set-Up
tt0988595_165,Set-Up
tt0988595_166,Set-Up
tt0988595_168,Set-Up
tt0988595_169,Set-Up
tt0988595_170,Set-Up
tt0988595_171,Set-Up
tt0988595_172,Set-Up
tt0988595_174,Set-Up
tt0988595_175,Set-Up
tt0988595_176,Set-Up
tt0988595_177,Set-Up
tt0988595_179,Set-Up
tt0988595_181,Set-Up
tt0988595_182,Set-Up
tt0988595_183,Set-Up
tt0988595_184,Set-Up
tt0988595_185,Set-Up
tt0988595_187,Set-Up
tt0988595_188,Set-Up
tt0988595_189,Set-Up
tt0988595_190,Set-Up
tt0988595_191,Set-Up
tt0988595_192,Set-Up
tt0988595_193,Set-Up
tt0988595_194,Set-Up
tt0988595_195,Set-Up
tt0988595_196,Set-Up
tt0988595_197,Set-Up
tt0988595_198,Set-Up
tt0988595_199,Set-Up
tt0988595_200,Set-Up
tt0988595_201,Set-Up
tt0988595_202,Set-Up
tt0988595_203,Set-Up
tt0988595_204,Set-Up
tt0988595_205,Set-Up
tt0988595_206,Set-Up
tt0988595_207,Set-Up
tt0988595_208,Set-Up
tt0988595_209,Set-Up
tt0988595_210,Set-Up
tt0988595_211,Set-Up
tt0988595_212,Set-Up
tt0988595_213,Set-Up
tt0988595_214,Set-Up
tt0988595_215,Set-Up
tt0988595_216,Set-Up
tt0988595_217,Set-Up
tt0988595_218,Set-Up
tt0988595_219,Set-Up
tt0988595_220,Set-Up
tt0988595_221,Set-Up
tt0988595_223,Set-Up
tt0988595_224,Set-Up
tt0988595_225,Set-Up
tt0988595_226,Set-Up
tt0988595_227,Set-Up
tt0988595_228,Set-Up
tt0988595_229,Set-Up
tt0988595_230,Set-Up
tt0988595_231,Set-Up
tt0988595_232,Set-Up
tt0988595_233,Set-Up
tt0988595_234,Set-Up
tt0988595_235,Set-Up
tt0988595_236,Set-Up
tt0988595_237,Set-Up
tt0988595_238,Set-Up
tt0988595_239,Set-Up
tt0988595_240,Set-Up
tt0988595_241,Set-Up
tt0988595_242,Set-Up
tt0988595_243,Set-Up
tt0988595_244,Set-Up
tt0988595_245,Set-Up
tt0988595_248,Set-Up
tt0988595_249,Set-Up
tt0988595_250,Set-Up
tt0988595_251,Set-Up
tt0988595_252,Set-Up
tt0988595_253,Set-Up
tt0988595_254,Set-Up
tt0988595_255,Set-Up
tt0988595_256,Set-Up
tt0988595_257,Set-Up
tt0988595_258,Set-Up
tt0988595_259,Set-Up
tt0988595_260,Set-Up
tt0988595_261,Set-Up
tt0988595_262,Set-Up
tt0988595_263,Set-Up
tt0988595_264,Set-Up
tt0988595_265,Set-Up
tt0988595_266,Set-Up
tt0988595_267,Set-Up
tt0988595_268,Set-Up
tt0988595_269,Set-Up
tt0988595_270,Set-Up
tt0988595_271,Set-Up
tt0988595_272,Set-Up
tt0988595_273,Set-Up
tt0988595_274,Set-Up
tt0988595_275,Set-Up
tt0988595_276,Set-Up
tt0988595_277,Set-Up
tt0988595_278,Set-Up
tt0988595_279,Set-Up
tt0988595_280,Set-Up
tt0988595_281,Set-Up
tt0988595_283,Set-Up
tt0988595_284,Set-Up
tt0988595_285,Set-Up
tt0988595_286,Set-Up
tt0988595_287,Set-Up
tt0988595_288,Set-Up
tt0988595_289,Set-Up
tt0988595_290,Set-Up
tt0988595_292,Set-Up
tt0988595_293,Set-Up
tt0988595_294,Set-Up
tt0988595_295,Set-Up
tt0988595_297,Set-Up
tt0988595_298,Set-Up
tt0988595_300,Set-Up
tt0988595_302,Set-Up
tt0988595_303,Set-Up
tt0988595_304,Set-Up
tt0988595_305,Set-Up
tt0988595_306,Set-Up
tt0988595_307,Set-Up
tt0988595_308,Set-Up
tt0988595_309,Set-Up
tt0988595_310,Set-Up
tt0988595_311,Set-Up
tt0988595_312,Set-Up
tt0988595_314,Set-Up
tt1010048_1,Set-Up
tt1010048_2,Set-Up
tt1010048_3,Set-Up
tt1010048_4,Set-Up
tt1010048_6,Set-Up
tt1010048_7,Set-Up
tt1010048_9,Set-Up
tt1010048_10,Set-Up
tt1010048_11,Set-Up
tt1010048_13,Set-Up
tt1010048_14,Set-Up
tt1010048_15,Set-Up
tt1010048_16,Set-Up
tt1010048_17,Set-Up
tt1010048_18,Set-Up
tt1010048_19,Set-Up
tt1010048_20,Set-Up
tt1010048_21,Set-Up
tt1010048_22,Set-Up
tt1010048_23,Set-Up
tt1010048_24,Set-Up
tt1010048_25,Set-Up
tt1010048_26,Set-Up
tt1010048_27,Set-Up
tt1010048_28,Set-Up
tt1010048_29,Set-Up
tt1010048_30,Set-Up
tt1010048_31,Set-Up
tt1010048_32,Set-Up
tt1010048_33,Set-Up
tt1010048_34,Set-Up
tt1010048_35,Set-Up
tt1010048_36,Set-Up
tt1010048_37,Set-Up
tt1010048_38,Set-Up
tt1010048_39,Set-Up
tt1010048_40,Set-Up
tt1010048_41,Set-Up
tt1010048_42,Set-Up
tt1010048_43,Set-Up
tt1010048_45,Set-Up
tt1010048_46,Set-Up
tt1010048_47,Set-Up
tt1010048_48,Set-Up
tt1010048_49,Set-Up
tt1010048_50,Set-Up
tt1010048_51,Set-Up
tt1010048_52,Set-Up
tt1010048_54,Set-Up
tt1010048_56,Set-Up
tt1010048_57,Set-Up
tt1010048_59,Set-Up
tt1010048_60,Set-Up
tt1010048_61,Set-Up
tt1010048_62,Set-Up
tt1010048_63,Set-Up
tt1010048_64,Set-Up
tt1010048_66,Set-Up
tt1010048_67,Set-Up
tt1010048_68,Set-Up
tt1010048_69,Set-Up
tt1010048_70,Set-Up
tt1010048_71,Set-Up
tt1010048_72,Set-Up
tt1010048_73,Set-Up
tt1010048_74,Set-Up
tt1010048_75,Set-Up
tt1010048_76,Set-Up
tt1010048_77,Set-Up
tt1010048_78,Set-Up
tt1010048_79,Set-Up
tt1010048_80,Set-Up
tt1010048_81,Set-Up
tt1010048_82,Set-Up
tt1010048_83,Set-Up
tt1010048_84,Set-Up
tt1010048_85,Set-Up
tt1010048_86,Set-Up
tt1010048_87,Set-Up
tt1010048_88,Set-Up
tt1010048_89,Set-Up
tt1010048_90,Set-Up
tt1010048_91,Set-Up
tt1010048_92,Set-Up
tt1010048_93,Set-Up
tt1010048_95,Set-Up
tt1010048_99,Set-Up
tt1010048_100,Set-Up
tt1010048_101,Set-Up
tt1010048_103,Set-Up
tt1010048_104,Set-Up
tt1010048_105,Set-Up
tt1010048_106,Set-Up
tt1010048_107,Set-Up
tt1010048_109,Set-Up
tt1045658_1,Set-Up
tt1045658_3,Set-Up
tt1045658_4,Set-Up
tt1045658_5,Set-Up
tt1045658_6,Set-Up
tt1045658_8,Set-Up
tt1045658_9,Set-Up
tt1045658_12,Set-Up
tt1045658_13,Set-Up
tt1045658_14,Set-Up
tt1045658_15,Set-Up
tt1045658_16,Set-Up
tt1045658_18,Set-Up
tt1045658_19,Set-Up
tt1045658_20,Set-Up
tt1045658_21,Set-Up
tt1045658_22,Set-Up
tt1045658_23,Set-Up
tt1045658_24,Set-Up
tt1045658_25,Set-Up
tt1045658_26,Set-Up
tt1045658_27,Set-Up
tt1045658_28,Set-Up
tt1045658_29,Set-Up
tt1045658_30,Set-Up
tt1045658_31,Set-Up
tt1045658_32,Set-Up
tt1045658_33,Set-Up
tt1045658_34,Set-Up
tt1045658_35,Set-Up
tt1045658_36,Set-Up
tt1045658_37,Set-Up
tt1045658_38,Set-Up
tt1045658_39,Set-Up
tt1045658_40,Set-Up
tt1045658_41,Set-Up
tt1045658_42,Set-Up
tt1045658_43,Set-Up
tt1045658_44,Set-Up
tt1045658_45,Set-Up
tt1045658_46,Set-Up
tt1045658_47,Set-Up
tt1045658_48,Set-Up
tt1045658_49,Set-Up
tt1045658_50,Set-Up
tt1045658_52,Set-Up
tt1045658_53,Set-Up
tt1045658_54,Set-Up
tt1045658_55,Set-Up
tt1045658_56,Set-Up
tt1045658_57,Set-Up
tt1045658_58,Set-Up
tt1045658_59,Set-Up
tt1045658_60,Set-Up
tt1045658_61,Set-Up
tt1045658_62,Set-Up
tt1045658_63,Set-Up
tt1045658_64,Set-Up
tt1045658_65,Set-Up
tt1045658_66,Set-Up
tt1045658_67,Set-Up
tt1045658_68,Set-Up
tt1045658_69,Set-Up
tt1045658_70,Set-Up
tt1045658_71,Set-Up
tt1045658_72,Set-Up
tt1045658_73,Set-Up
tt1045658_74,Set-Up
tt1045658_75,Set-Up
tt1045658_76,Set-Up
tt1045658_77,Set-Up
tt1045658_78,Set-Up
tt1045658_79,Set-Up
tt1045658_80,Set-Up
tt1045658_81,Set-Up
tt1045658_82,Set-Up
tt1045658_83,Set-Up
tt1045658_84,Set-Up
tt1045658_85,Set-Up
tt1045658_86,Set-Up
tt1045658_87,Set-Up
tt1045658_88,Set-Up
tt1045658_89,Set-Up
tt1045658_90,Set-Up
tt1045658_91,Set-Up
tt1045658_92,Set-Up
tt1045658_93,Set-Up
tt1045658_94,Set-Up
tt1045658_95,Set-Up
tt1045658_96,Set-Up
tt1045658_97,Set-Up
tt1045658_98,Set-Up
tt1045658_100,Set-Up
tt1045658_102,Set-Up
tt1045658_103,Set-Up
tt1045658_104,Set-Up
tt1045658_105,Set-Up
tt1045658_106,Set-Up
tt1045658_107,Set-Up
tt1045658_108,Set-Up
tt1045658_109,Set-Up
tt1045658_110,Set-Up
tt1045658_111,Set-Up
tt1045658_112,Set-Up
tt1045658_113,Set-Up
tt1045658_114,Set-Up
tt1045658_116,Set-Up
tt1045658_117,Set-Up
tt1045658_118,Set-Up
tt1045658_119,Set-Up
tt1045658_120,Set-Up
tt1045658_121,Set-Up
tt1045658_122,Set-Up
tt1045658_123,Set-Up
tt1045658_124,Set-Up
tt1045658_125,Set-Up
tt1045658_126,Set-Up
tt1045658_127,Set-Up
tt1045658_128,Set-Up
tt1045658_129,Set-Up
tt1045658_130,Set-Up
tt1045658_131,Set-Up
tt1045658_132,Set-Up
tt1045658_134,Set-Up
tt1045658_135,Set-Up
tt1045658_136,Set-Up
tt1045658_138,Set-Up
tt1045658_139,Set-Up
tt1045658_140,Set-Up
tt1045658_141,Set-Up
tt1045658_143,Set-Up
tt1045658_145,Set-Up
tt1045658_147,Set-Up
tt1045658_150,Set-Up
tt1045658_152,Set-Up
tt1045658_154,Set-Up
tt1045658_155,Set-Up
tt1045658_156,Set-Up
tt1045658_157,Set-Up
tt1045658_158,Set-Up
tt1045658_159,Set-Up
tt1045658_160,Set-Up
tt1045658_161,Set-Up
tt1045658_162,Set-Up
tt1045658_163,Set-Up
tt1045658_164,Set-Up
tt1045658_165,Set-Up
tt1045658_167,Set-Up
tt1142988_0,Set-Up
tt1142988_1,Set-Up
tt1142988_4,Set-Up
tt1142988_5,Set-Up
tt1142988_6,Set-Up
tt1142988_7,Set-Up
tt1142988_8,Set-Up
tt1142988_9,Set-Up
tt1142988_10,Set-Up
tt1142988_11,Set-Up
tt1142988_12,Set-Up
tt1142988_13,Set-Up
tt1142988_14,Set-Up
tt1142988_16,Set-Up
tt1142988_18,Set-Up
tt1142988_19,Set-Up
tt1142988_20,Set-Up
tt1142988_21,Set-Up
tt1142988_22,Set-Up
tt1142988_23,Set-Up
tt1142988_24,Set-Up
tt1142988_25,Set-Up
tt1142988_27,Set-Up
tt1142988_28,Set-Up
tt1142988_29,Set-Up
tt1142988_30,Set-Up
tt1142988_31,Set-Up
tt1142988_32,Set-Up
tt1142988_33,Set-Up
tt1142988_34,Set-Up
tt1142988_35,Set-Up
tt1142988_36,Set-Up
tt1142988_37,Set-Up
tt1142988_38,Set-Up
tt1142988_39,Set-Up
tt1142988_40,Set-Up
tt1142988_41,Set-Up
tt1142988_42,Set-Up
tt1142988_43,Set-Up
tt1142988_44,Set-Up
tt1142988_45,Set-Up
tt1142988_46,Set-Up
tt1142988_48,Set-Up
tt1142988_49,Set-Up
tt1142988_50,Set-Up
tt1142988_51,Set-Up
tt1142988_52,Set-Up
tt1142988_53,Set-Up
tt1142988_54,Set-Up
tt1142988_55,Set-Up
tt1142988_56,Set-Up
tt1142988_58,Set-Up
tt1142988_59,Set-Up
tt1142988_60,Set-Up
tt1142988_61,Set-Up
tt1142988_63,Set-Up
tt1142988_65,Set-Up
tt1142988_66,Set-Up
tt1142988_67,Set-Up
tt1142988_68,Set-Up
tt1142988_69,Set-Up
tt1142988_70,Set-Up
tt1142988_71,Set-Up
tt1142988_72,Set-Up
tt1142988_73,Set-Up
tt1142988_74,Set-Up
tt1142988_75,Set-Up
tt1142988_76,Set-Up
tt1142988_77,Set-Up
tt1142988_78,Set-Up
tt1142988_79,Set-Up
tt1142988_80,Set-Up
tt1142988_81,Set-Up
tt1142988_82,Set-Up
tt1142988_83,Set-Up
tt1142988_84,Set-Up
tt1142988_85,Set-Up
tt1142988_86,Set-Up
tt1142988_87,Set-Up
tt1142988_88,Set-Up
tt1142988_89,Set-Up
tt1142988_90,Set-Up
tt1142988_91,Set-Up
tt1142988_92,Set-Up
tt1142988_94,Set-Up
tt1142988_95,Set-Up
tt1142988_96,Set-Up
tt1142988_98,Set-Up
tt1142988_99,Set-Up
tt1142988_100,Set-Up
tt1142988_101,Set-Up
tt1142988_103,Set-Up
tt1142988_104,Set-Up
tt1142988_105,Set-Up
tt1142988_106,Set-Up
tt1142988_107,Set-Up
tt1142988_108,Set-Up
tt1142988_109,Set-Up
tt1142988_110,Set-Up
tt1142988_111,Set-Up
tt1142988_112,Set-Up
tt1142988_113,Set-Up
tt1142988_114,Set-Up
tt1142988_116,Set-Up
tt1142988_117,Set-Up
tt1142988_118,Set-Up
tt1142988_119,Set-Up
tt1142988_120,Set-Up
tt1142988_121,Set-Up
tt1142988_122,Set-Up
tt1142988_123,Set-Up
tt1142988_124,Set-Up
tt1142988_125,Set-Up
tt1142988_127,Set-Up
tt1142988_128,Set-Up
tt1142988_129,Set-Up
tt1142988_130,Set-Up
tt1142988_131,Set-Up
tt1142988_132,Set-Up
tt1142988_133,Set-Up
tt1142988_134,Set-Up
tt1189340_3,Set-Up
tt1189340_4,Set-Up
tt1189340_6,Set-Up
tt1189340_7,Set-Up
tt1189340_8,Set-Up
tt1189340_9,Set-Up
tt1189340_10,Set-Up
tt1189340_12,Set-Up
tt1189340_13,Set-Up
tt1189340_14,Set-Up
tt1189340_15,Set-Up
tt1189340_16,Set-Up
tt1189340_20,Set-Up
tt1189340_21,Set-Up
tt1189340_22,Set-Up
tt1189340_24,Set-Up
tt1189340_26,Set-Up
tt1189340_27,Set-Up
tt1189340_28,Set-Up
tt1189340_29,Set-Up
tt1189340_30,Set-Up
tt1189340_31,Set-Up
tt1189340_32,Set-Up
tt1189340_36,Set-Up
tt1189340_41,Set-Up
tt1189340_42,Set-Up
tt1189340_43,Set-Up
tt1189340_45,Set-Up
tt1189340_46,Set-Up
tt1189340_47,Set-Up
tt1189340_48,Set-Up
tt1189340_49,Set-Up
tt1189340_50,Set-Up
tt1189340_51,Set-Up
tt1189340_53,Set-Up
tt1189340_54,Set-Up
tt1189340_56,Set-Up
tt1189340_58,Set-Up
tt1189340_61,Set-Up
tt1189340_63,Set-Up
tt1189340_64,Set-Up
tt1189340_66,Set-Up
tt1189340_67,Set-Up
tt1189340_68,Set-Up
tt1189340_69,Set-Up
tt1189340_70,Set-Up
tt1189340_72,Set-Up
tt1189340_73,Set-Up
tt1189340_75,Set-Up
tt1189340_76,Set-Up
tt1189340_77,Set-Up
tt1189340_79,Set-Up
tt1189340_80,Set-Up
tt1189340_81,Set-Up
tt1189340_83,Set-Up
tt1189340_84,Set-Up
tt1189340_87,Set-Up
tt1189340_88,Set-Up
tt1189340_89,Set-Up
tt1189340_91,Set-Up
tt1189340_93,Set-Up
tt1189340_94,Set-Up
tt1189340_95,Set-Up
tt1189340_96,Set-Up
tt1189340_97,Set-Up
tt1189340_98,Set-Up
tt1189340_99,Set-Up
tt1189340_100,Set-Up
tt1189340_102,Set-Up
tt1189340_103,Set-Up
tt1189340_106,Set-Up
tt1189340_107,Set-Up
tt1189340_110,Set-Up
tt1189340_112,Set-Up
tt1189340_115,Set-Up
tt1189340_116,Set-Up
tt1189340_118,Set-Up
tt1189340_119,Set-Up
tt1189340_120,Set-Up
tt1189340_122,Set-Up
tt1189340_123,Set-Up
tt1189340_125,Set-Up
tt1189340_126,Set-Up
tt1189340_127,Set-Up
tt1189340_128,Set-Up
tt1189340_129,Set-Up
tt1189340_130,Set-Up
tt1189340_131,Set-Up
tt1189340_132,Set-Up
tt1189340_133,Set-Up
tt1189340_136,Set-Up
tt1189340_137,Set-Up
tt1189340_139,Set-Up
tt1189340_140,Set-Up
tt1189340_142,Set-Up
tt1189340_143,Set-Up
tt1189340_144,Set-Up
tt1189340_145,Set-Up
tt1189340_146,Set-Up
tt1189340_147,Set-Up
tt1189340_148,Set-Up
tt1189340_149,Set-Up
tt1189340_150,Set-Up
tt1189340_151,Set-Up
tt1189340_152,Set-Up
tt1189340_154,Set-Up
tt1189340_156,Set-Up
tt1189340_157,Set-Up
tt1189340_158,Set-Up
tt1189340_160,Set-Up
tt1189340_161,Set-Up
tt1189340_162,Set-Up
tt1189340_163,Set-Up
tt1189340_165,Set-Up
tt1189340_167,Set-Up
tt1189340_168,Set-Up
tt1189340_169,Set-Up
tt1189340_170,Set-Up
tt1189340_171,Set-Up
tt1189340_173,Set-Up
tt1189340_174,Set-Up
tt1189340_175,Set-Up
tt1189340_176,Set-Up
tt1189340_177,Set-Up
tt1189340_179,Set-Up
tt1189340_182,Set-Up
tt1189340_184,Set-Up
tt1189340_185,Set-Up
tt1189340_186,Set-Up
tt1189340_187,Set-Up
tt1189340_188,Set-Up
tt1189340_189,Set-Up
tt1189340_190,Set-Up
tt1189340_192,Set-Up
tt1189340_194,Set-Up
tt1189340_195,Set-Up
tt1189340_196,Set-Up
tt1189340_197,Set-Up
tt1189340_199,Set-Up
tt1189340_200,Set-Up
tt1189340_201,Set-Up
tt1189340_202,Set-Up
tt1189340_203,Set-Up
tt1189340_204,Set-Up
tt1189340_205,Set-Up
tt1189340_206,Set-Up
tt1189340_207,Set-Up
tt1189340_209,Set-Up
tt1189340_210,Set-Up
tt1189340_212,Set-Up
tt1189340_213,Set-Up
tt1189340_214,Set-Up
tt1189340_215,Set-Up
tt1189340_217,Set-Up
tt1189340_219,Set-Up
tt1189340_220,Set-Up
tt1189340_221,Set-Up
tt1189340_223,Set-Up
tt1189340_224,Set-Up
tt1189340_226,Set-Up
tt1189340_227,Set-Up
tt1189340_229,Set-Up
tt1189340_231,Set-Up
tt1189340_232,Set-Up
tt1189340_233,Set-Up
tt1189340_234,Set-Up
tt1193138_1,Set-Up
tt1193138_2,Set-Up
tt1193138_3,Set-Up
tt1193138_4,Set-Up
tt1193138_5,Set-Up
tt1193138_6,Set-Up
tt1193138_7,Set-Up
tt1193138_8,Set-Up
tt1193138_10,Set-Up
tt1193138_14,Set-Up
tt1193138_18,Set-Up
tt1193138_20,Set-Up
tt1193138_21,Set-Up
tt1193138_22,Set-Up
tt1193138_24,Set-Up
tt1193138_25,Set-Up
tt1193138_27,Set-Up
tt1193138_28,Set-Up
tt1193138_29,Set-Up
tt1193138_30,Set-Up
tt1193138_31,Set-Up
tt1193138_32,Set-Up
tt1193138_33,Set-Up
tt1193138_34,Set-Up
tt1193138_37,Set-Up
tt1193138_40,Set-Up
tt1193138_42,Set-Up
tt1193138_43,Set-Up
tt1193138_44,Set-Up
tt1193138_45,Set-Up
tt1193138_46,Set-Up
tt1193138_47,Set-Up
tt1193138_48,Set-Up
tt1193138_49,Set-Up
tt1193138_50,Set-Up
tt1193138_51,Set-Up
tt1193138_52,Set-Up
tt1193138_53,Set-Up
tt1193138_54,Set-Up
tt1193138_55,Set-Up
tt1193138_57,Set-Up
tt1193138_59,Set-Up
tt1193138_60,Set-Up
tt1193138_61,Set-Up
tt1193138_62,Set-Up
tt1193138_63,Set-Up
tt1193138_64,Set-Up
tt1193138_66,Set-Up
tt1193138_67,Set-Up
tt1193138_69,Set-Up
tt1193138_70,Set-Up
tt1193138_71,Set-Up
tt1193138_72,Set-Up
tt1193138_73,Set-Up
tt1193138_74,Set-Up
tt1193138_76,Set-Up
tt1193138_77,Set-Up
tt1193138_79,Set-Up
tt1193138_80,Set-Up
tt1193138_81,Set-Up
tt1193138_83,Set-Up
tt1193138_84,Set-Up
tt1193138_85,Set-Up
tt1193138_86,Set-Up
tt1193138_88,Set-Up
tt1193138_90,Set-Up
tt1193138_92,Set-Up
tt1193138_94,Set-Up
tt1193138_96,Set-Up
tt1193138_97,Set-Up
tt1193138_99,Set-Up
tt1193138_100,Set-Up
tt1193138_101,Set-Up
tt1193138_102,Set-Up
tt1193138_103,Set-Up
tt1193138_104,Set-Up
tt1193138_105,Set-Up
tt1193138_106,Set-Up
tt1193138_107,Set-Up
tt1193138_108,Set-Up
tt1193138_109,Set-Up
tt1193138_110,Set-Up
tt1193138_111,Set-Up
tt1193138_112,Set-Up
tt1193138_113,Set-Up
tt1193138_114,Set-Up
tt1193138_115,Set-Up
tt1193138_116,Set-Up
tt1193138_117,Set-Up
tt1193138_118,Set-Up
tt1193138_119,Set-Up
tt1193138_120,Set-Up
tt1193138_121,Set-Up
tt1193138_123,Set-Up
tt1193138_124,Set-Up
tt1193138_126,Set-Up
tt1193138_127,Set-Up
tt1193138_128,Set-Up
tt1193138_129,Set-Up
tt1193138_132,Set-Up
tt1193138_133,Set-Up
tt1193138_134,Set-Up
tt1193138_135,Set-Up
tt1193138_137,Set-Up
tt1193138_138,Set-Up
tt1193138_140,Set-Up
tt1193138_141,Set-Up
tt1193138_142,Set-Up
tt1193138_143,Set-Up
tt1193138_145,Set-Up
tt1193138_146,Set-Up
tt1193138_148,Set-Up
tt1193138_149,Set-Up
tt1193138_153,Set-Up
tt1193138_154,Set-Up
tt1193138_155,Set-Up
tt1193138_156,Set-Up
tt1193138_157,Set-Up
tt1193138_158,Set-Up
tt1193138_159,Set-Up
tt1193138_160,Set-Up
tt1193138_161,Set-Up
tt1193138_162,Set-Up
tt1193138_163,Set-Up
tt1193138_164,Set-Up
tt1193138_165,Set-Up
tt1193138_166,Set-Up
tt1193138_167,Set-Up
tt1193138_168,Set-Up
tt1193138_169,Set-Up
tt1193138_170,Set-Up
tt1193138_171,Set-Up
tt1193138_172,Set-Up
tt1193138_173,Set-Up
tt1193138_174,Set-Up
tt1193138_175,Set-Up
tt1193138_176,Set-Up
tt1193138_177,Set-Up
tt1193138_178,Set-Up
tt1193138_180,Set-Up
tt1193138_181,Set-Up
tt1193138_182,Set-Up
tt1193138_183,Set-Up
tt1193138_185,Set-Up
tt1193138_186,Set-Up
tt1193138_187,Set-Up
tt1193138_189,Set-Up
tt1193138_190,Set-Up
tt1193138_191,Set-Up
tt1193138_194,Set-Up
tt1193138_195,Set-Up
tt1193138_198,Set-Up
tt1193138_201,Set-Up
tt1193138_203,Set-Up
tt1193138_207,Set-Up
tt1193138_208,Set-Up
tt1193138_209,Set-Up
tt1193138_210,Set-Up
tt1193138_211,Set-Up
tt1193138_213,Set-Up
tt1193138_214,Set-Up
tt1193138_216,Set-Up
tt1193138_218,Set-Up
tt1193138_220,Set-Up
tt1285016_0,Set-Up
tt1285016_1,Set-Up
tt1285016_3,Set-Up
tt1285016_4,Set-Up
tt1285016_5,Set-Up
tt1285016_8,Set-Up
tt1285016_9,Set-Up
tt1285016_10,Set-Up
tt1285016_11,Set-Up
tt1285016_12,Set-Up
tt1285016_13,Set-Up
tt1285016_14,Set-Up
tt1285016_16,Set-Up
tt1285016_18,Set-Up
tt1285016_20,Set-Up
tt1285016_26,Set-Up
tt1285016_28,Set-Up
tt1285016_29,Set-Up
tt1285016_31,Set-Up
tt1285016_34,Set-Up
tt1285016_35,Set-Up
tt1285016_36,Set-Up
tt1285016_37,Set-Up
tt1285016_38,Set-Up
tt1285016_40,Set-Up
tt1285016_41,Set-Up
tt1285016_42,Set-Up
tt1285016_43,Set-Up
tt1285016_44,Set-Up
tt1285016_45,Set-Up
tt1285016_46,Set-Up
tt1285016_47,Set-Up
tt1285016_48,Set-Up
tt1285016_49,Set-Up
tt1285016_50,Set-Up
tt1285016_51,Set-Up
tt1285016_52,Set-Up
tt1285016_53,Set-Up
tt1285016_54,Set-Up
tt1285016_55,Set-Up
tt1285016_56,Set-Up
tt1285016_57,Set-Up
tt1285016_58,Set-Up
tt1285016_59,Set-Up
tt1285016_60,Set-Up
tt1285016_61,Set-Up
tt1285016_62,Set-Up
tt1285016_63,Set-Up
tt1285016_64,Set-Up
tt1285016_65,Set-Up
tt1285016_66,Set-Up
tt1285016_67,Set-Up
tt1285016_69,Set-Up
tt1285016_70,Set-Up
tt1285016_72,Set-Up
tt1285016_74,Set-Up
tt1285016_75,Set-Up
tt1285016_76,Set-Up
tt1285016_78,Set-Up
tt1285016_80,Set-Up
tt1285016_81,Set-Up
tt1285016_82,Set-Up
tt1285016_83,Set-Up
tt1285016_84,Set-Up
tt1285016_86,Set-Up
tt1285016_87,Set-Up
tt1285016_88,Set-Up
tt1285016_89,Set-Up
tt1285016_90,Set-Up
tt1285016_91,Set-Up
tt1285016_93,Set-Up
tt1285016_94,Set-Up
tt1285016_95,Set-Up
tt1285016_96,Set-Up
tt1285016_97,Set-Up
tt1285016_98,Set-Up
tt1285016_99,Set-Up
tt1285016_100,Set-Up
tt1285016_101,Set-Up
tt1285016_102,Set-Up
tt1285016_103,Set-Up
tt1285016_104,Set-Up
tt1285016_105,Set-Up
tt1285016_106,Set-Up
tt1285016_107,Set-Up
tt1285016_108,Set-Up
tt1285016_109,Set-Up
tt1285016_110,Set-Up
tt1285016_111,Set-Up
tt1285016_112,Set-Up
tt1285016_113,Set-Up
tt1285016_114,Set-Up
tt1285016_115,Set-Up
tt1285016_116,Set-Up
tt1285016_119,Set-Up
tt1285016_122,Set-Up
tt1285016_123,Set-Up
tt1285016_124,Set-Up
tt1285016_125,Set-Up
tt1285016_126,Set-Up
tt1285016_128,Set-Up
tt1285016_129,Set-Up
tt1285016_131,Set-Up
tt1285016_132,Set-Up
tt1285016_134,Set-Up
tt1285016_135,Set-Up
tt1285016_136,Set-Up
tt1285016_137,Set-Up
tt1285016_138,Set-Up
tt1285016_139,Set-Up
tt1285016_140,Set-Up
tt1285016_142,Set-Up
tt1285016_144,Set-Up
tt1285016_145,Set-Up
tt1285016_146,Set-Up
tt1285016_147,Set-Up
tt1285016_148,Set-Up
tt1285016_149,Set-Up
tt1285016_151,Set-Up
tt1285016_152,Set-Up
tt1285016_153,Set-Up
tt1285016_154,Set-Up
tt1285016_155,Set-Up
tt1285016_158,Set-Up
tt1285016_159,Set-Up
tt1285016_160,Set-Up
tt1285016_161,Set-Up
tt1285016_164,Set-Up
tt1285016_165,Set-Up
tt1285016_166,Set-Up
tt1285016_167,Set-Up
tt1285016_168,Set-Up
tt1285016_169,Set-Up
tt1285016_170,Set-Up
tt1285016_171,Set-Up
tt1285016_172,Set-Up
tt1285016_173,Set-Up
tt1285016_174,Set-Up
tt1285016_175,Set-Up
tt1285016_176,Set-Up
tt1285016_177,Set-Up
tt1285016_179,Set-Up
tt1285016_180,Set-Up
tt1285016_182,Set-Up
tt1285016_183,Set-Up
tt1285016_184,Set-Up
tt1285016_185,Set-Up
tt1285016_187,Set-Up
tt1285016_188,Set-Up
tt1285016_189,Set-Up
tt1285016_191,Set-Up
tt1285016_192,Set-Up
tt1285016_193,Set-Up
tt1285016_194,Set-Up
tt1285016_195,Set-Up
tt1285016_198,Set-Up
tt1285016_199,Set-Up
tt1285016_200,Set-Up
tt1285016_201,Set-Up
tt1285016_202,Set-Up
tt1285016_203,Set-Up
tt1285016_204,Set-Up
tt1285016_205,Set-Up
tt1285016_207,Set-Up
tt1285016_208,Set-Up
tt1285016_209,Set-Up
tt1285016_210,Set-Up
tt1285016_211,Set-Up
tt1285016_212,Set-Up
tt1285016_213,Set-Up
tt1285016_214,Set-Up
tt1285016_216,Set-Up
tt1385826_1,Set-Up
tt1385826_2,Set-Up
tt1385826_4,Set-Up
tt1385826_7,Set-Up
tt1385826_8,Set-Up
tt1385826_9,Set-Up
tt1385826_10,Set-Up
tt1385826_11,Set-Up
tt1385826_12,Set-Up
tt1385826_13,Set-Up
tt1385826_15,Set-Up
tt1385826_16,Set-Up
tt1385826_17,Set-Up
tt1385826_19,Set-Up
tt1385826_20,Set-Up
tt1385826_21,Set-Up
tt1385826_22,Set-Up
tt1385826_23,Set-Up
tt1385826_24,Set-Up
tt1385826_25,Set-Up
tt1385826_26,Set-Up
tt1385826_27,Set-Up
tt1385826_28,Set-Up
tt1385826_29,Set-Up
tt1385826_30,Set-Up
tt1385826_31,Set-Up
tt1385826_33,Set-Up
tt1385826_34,Set-Up
tt1385826_36,Set-Up
tt1385826_37,Set-Up
tt1385826_38,Set-Up
tt1385826_39,Set-Up
tt1385826_40,Set-Up
tt1385826_41,Set-Up
tt1385826_42,Set-Up
tt1385826_43,Set-Up
tt1385826_44,Set-Up
tt1385826_45,Set-Up
tt1385826_47,Set-Up
tt1385826_49,Set-Up
tt1385826_50,Set-Up
tt1385826_51,Set-Up
tt1385826_52,Set-Up
tt1385826_53,Set-Up
tt1385826_54,Set-Up
tt1385826_55,Set-Up
tt1385826_57,Set-Up
tt1385826_58,Set-Up
tt1385826_59,Set-Up
tt1385826_60,Set-Up
tt1385826_61,Set-Up
tt1385826_62,Set-Up
tt1385826_63,Set-Up
tt1385826_64,Set-Up
tt1385826_66,Set-Up
tt1385826_67,Set-Up
tt1385826_71,Set-Up
tt1385826_72,Set-Up
tt1385826_73,Set-Up
tt1385826_74,Set-Up
tt1385826_75,Set-Up
tt1385826_76,Set-Up
tt1385826_77,Set-Up
tt1385826_78,Set-Up
tt1385826_79,Set-Up
tt1385826_80,Set-Up
tt1385826_81,Set-Up
tt1385826_82,Set-Up
tt1385826_84,Set-Up
tt1385826_85,Set-Up
tt1385826_86,Set-Up
tt1385826_87,Set-Up
tt1385826_88,Set-Up
tt1385826_89,Set-Up
tt1385826_90,Set-Up
tt1385826_92,Set-Up
tt1385826_94,Set-Up
tt1385826_95,Set-Up
tt1385826_96,Set-Up
tt1385826_97,Set-Up
tt1385826_98,Set-Up
tt1385826_99,Set-Up
tt1385826_101,Set-Up
tt1385826_102,Set-Up
tt1385826_103,Set-Up
tt1385826_105,Set-Up
tt1385826_106,Set-Up
tt1385826_107,Set-Up
tt1385826_108,Set-Up
tt1385826_109,Set-Up
tt1385826_110,Set-Up
tt1385826_111,Set-Up
tt1385826_112,Set-Up
tt1385826_114,Set-Up
tt1385826_115,Set-Up
tt1385826_116,Set-Up
tt1385826_117,Set-Up
tt1385826_119,Set-Up
tt1385826_120,Set-Up
tt1385826_121,Set-Up
tt1385826_122,Set-Up
tt1385826_123,Set-Up
tt1385826_124,Set-Up
tt1385826_125,Set-Up
tt1385826_126,Set-Up
tt1385826_128,Set-Up
tt1385826_129,Set-Up
tt1385826_131,Set-Up
tt1385826_133,Set-Up
tt1385826_134,Set-Up
tt1385826_136,Set-Up
tt1385826_137,Set-Up
tt1385826_138,Set-Up
tt1385826_139,Set-Up
tt1385826_140,Set-Up
tt1385826_141,Set-Up
tt1385826_142,Set-Up
tt1385826_144,Set-Up
tt1385826_145,Set-Up
tt1385826_147,Set-Up
tt1385826_148,Set-Up
tt1385826_150,Set-Up
tt1385826_151,Set-Up
tt1385826_152,Set-Up
tt1385826_153,Set-Up
tt1385826_154,Set-Up
tt1385826_155,Set-Up
tt1385826_156,Set-Up
tt1385826_157,Set-Up
tt1385826_158,Set-Up
tt1385826_159,Set-Up
tt1385826_160,Set-Up
tt1385826_161,Set-Up
tt1385826_162,Set-Up
tt1385826_163,Set-Up
tt1385826_164,Set-Up
tt1454029_1,Set-Up
tt1454029_2,Set-Up
tt1454029_4,Set-Up
tt1454029_5,Set-Up
tt1454029_7,Set-Up
tt1454029_9,Set-Up
tt1454029_10,Set-Up
tt1454029_11,Set-Up
tt1454029_12,Set-Up
tt1454029_13,Set-Up
tt1454029_14,Set-Up
tt1454029_16,Set-Up
tt1454029_17,Set-Up
tt1454029_19,Set-Up
tt1454029_21,Set-Up
tt1454029_23,Set-Up
tt1454029_24,Set-Up
tt1454029_25,Set-Up
tt1454029_26,Set-Up
tt1454029_27,Set-Up
tt1454029_28,Set-Up
tt1454029_29,Set-Up
tt1454029_31,Set-Up
tt1454029_32,Set-Up
tt1454029_34,Set-Up
tt1454029_36,Set-Up
tt1454029_37,Set-Up
tt1454029_38,Set-Up
tt1454029_40,Set-Up
tt1454029_41,Set-Up
tt1454029_43,Set-Up
tt1454029_45,Set-Up
tt1454029_47,Set-Up
tt1454029_49,Set-Up
tt1454029_51,Set-Up
tt1454029_52,Set-Up
tt1454029_53,Set-Up
tt1454029_55,Set-Up
tt1454029_56,Set-Up
tt1454029_57,Set-Up
tt1454029_58,Set-Up
tt1454029_60,Set-Up
tt1454029_61,Set-Up
tt1454029_62,Set-Up
tt1454029_63,Set-Up
tt1454029_64,Set-Up
tt1454029_66,Set-Up
tt1454029_67,Set-Up
tt1454029_69,Set-Up
tt1454029_70,Set-Up
tt1454029_71,Set-Up
tt1454029_72,Set-Up
tt1454029_74,Set-Up
tt1454029_75,Set-Up
tt1454029_76,Set-Up
tt1454029_77,Set-Up
tt1454029_78,Set-Up
tt1454029_79,Set-Up
tt1454029_80,Set-Up
tt1454029_82,Set-Up
tt1454029_83,Set-Up
tt1454029_84,Set-Up
tt1454029_85,Set-Up
tt1454029_86,Set-Up
tt1454029_87,Set-Up
tt1454029_88,Set-Up
tt1454029_89,Set-Up
tt1454029_90,Set-Up
tt1454029_91,Set-Up
tt1454029_94,Set-Up
tt1454029_96,Set-Up
tt1454029_97,Set-Up
tt1454029_98,Set-Up
tt1454029_99,Set-Up
tt1454029_100,Set-Up
tt1454029_101,Set-Up
tt1454029_103,Set-Up
tt1454029_104,Set-Up
tt1454029_106,Set-Up
tt1454029_107,Set-Up
tt1454029_108,Set-Up
tt1454029_109,Set-Up
tt1454029_111,Set-Up
tt1454029_113,Set-Up
tt1454029_114,Set-Up
tt1454029_115,Set-Up
tt1454029_116,Set-Up
tt1454029_117,Set-Up
tt1454029_118,Set-Up
tt1454029_120,Set-Up
tt1454029_121,Set-Up
tt1454029_122,Set-Up
tt1454029_123,Set-Up
tt1454029_124,Set-Up
tt1454029_125,Set-Up
tt1454029_127,Set-Up
tt1454029_128,Set-Up
tt1454029_130,Set-Up
tt1454029_131,Set-Up
tt1454029_132,Set-Up
tt1454029_133,Set-Up
tt1454029_134,Set-Up
tt1454029_135,Set-Up
tt1454029_136,Set-Up
tt1454029_137,Set-Up
tt1454029_138,Set-Up
tt1454029_139,Set-Up
tt1454029_140,Set-Up
tt1454029_141,Set-Up
tt1454029_142,Set-Up
tt1454029_143,Set-Up
tt1454029_144,Set-Up
tt1454029_145,Set-Up
tt1454029_146,Set-Up
tt1454029_147,Set-Up
tt1454029_148,Set-Up
tt1454029_149,Set-Up
tt1454029_150,Set-Up
tt1454029_151,Set-Up
tt1454029_152,Set-Up
tt1454029_153,Set-Up
tt1454029_154,Set-Up
tt1454029_155,Set-Up
tt1454029_156,Set-Up
tt1454029_158,Set-Up
tt1454029_159,Set-Up
tt1454029_160,Set-Up
tt1454029_161,Set-Up
tt1454029_162,Set-Up
tt1454029_163,Set-Up
tt1454029_164,Set-Up
tt1454029_165,Set-Up
tt1454029_166,Set-Up
tt1454029_167,Set-Up
tt1454029_168,Set-Up
tt1454029_169,Set-Up
tt1454029_170,Set-Up
tt1454029_171,Set-Up
tt1454029_172,Set-Up
tt1454029_173,Set-Up
tt1454029_174,Set-Up
tt1454029_175,Set-Up
tt1454029_176,Set-Up
tt1454029_177,Set-Up
tt1454029_178,Set-Up
tt1454029_179,Set-Up
tt1454029_180,Set-Up
tt1454029_181,Set-Up
tt1499658_2,Set-Up
tt1499658_3,Set-Up
tt1499658_4,Set-Up
tt1499658_5,Set-Up
tt1499658_7,Set-Up
tt1499658_8,Set-Up
tt1499658_9,Set-Up
tt1499658_10,Set-Up
tt1499658_11,Set-Up
tt1499658_12,Set-Up
tt1499658_14,Set-Up
tt1499658_15,Set-Up
tt1499658_16,Set-Up
tt1499658_17,Set-Up
tt1499658_18,Set-Up
tt1499658_19,Set-Up
tt1499658_20,Set-Up
tt1499658_21,Set-Up
tt1499658_22,Set-Up
tt1499658_23,Set-Up
tt1499658_24,Set-Up
tt1499658_25,Set-Up
tt1499658_26,Set-Up
tt1499658_27,Set-Up
tt1499658_28,Set-Up
tt1499658_29,Set-Up
tt1499658_30,Set-Up
tt1499658_31,Set-Up
tt1499658_32,Set-Up
tt1499658_33,Set-Up
tt1499658_34,Set-Up
tt1499658_35,Set-Up
tt1499658_36,Set-Up
tt1499658_37,Set-Up
tt1499658_38,Set-Up
tt1499658_39,Set-Up
tt1499658_40,Set-Up
tt1499658_41,Set-Up
tt1499658_42,Set-Up
tt1499658_43,Set-Up
tt1499658_44,Set-Up
tt1499658_45,Set-Up
tt1499658_46,Set-Up
tt1499658_48,Set-Up
tt1499658_49,Set-Up
tt1499658_50,Set-Up
tt1499658_51,Set-Up
tt1499658_52,Set-Up
tt1499658_53,Set-Up
tt1499658_55,Set-Up
tt1499658_57,Set-Up
tt1499658_58,Set-Up
tt1499658_59,Set-Up
tt1499658_60,Set-Up
tt1499658_61,Set-Up
tt1499658_62,Set-Up
tt1499658_63,Set-Up
tt1499658_64,Set-Up
tt1499658_66,Set-Up
tt1499658_68,Set-Up
tt1499658_69,Set-Up
tt1499658_71,Set-Up
tt1499658_72,Set-Up
tt1499658_73,Set-Up
tt1499658_74,Set-Up
tt1499658_75,Set-Up
tt1499658_76,Set-Up
tt1499658_77,Set-Up
tt1499658_78,Set-Up
tt1499658_79,Set-Up
tt1499658_80,Set-Up
tt1499658_82,Set-Up
tt1499658_84,Set-Up
tt1499658_86,Set-Up
tt1499658_88,Set-Up
tt1499658_90,Set-Up
tt1499658_91,Set-Up
tt1499658_93,Set-Up
tt1499658_94,Set-Up
tt1499658_95,Set-Up
tt1499658_97,Set-Up
tt1499658_98,Set-Up
tt1499658_99,Set-Up
tt1499658_100,Set-Up
tt1499658_101,Set-Up
tt1499658_102,Set-Up
tt1499658_103,Set-Up
tt1499658_104,Set-Up
tt1499658_105,Set-Up
tt1499658_106,Set-Up
tt1499658_109,Set-Up
tt1499658_111,Set-Up
tt1499658_112,Set-Up
tt1499658_113,Set-Up
tt1499658_114,Set-Up
tt1499658_117,Set-Up
tt1499658_119,Set-Up
tt1499658_120,Set-Up
tt1499658_122,Set-Up
tt1499658_123,Set-Up
tt1499658_124,Set-Up
tt1499658_125,Set-Up
tt1499658_126,Set-Up
tt1499658_127,Set-Up
tt1499658_128,Set-Up
tt1499658_129,Set-Up
tt1499658_131,Set-Up
tt1499658_133,Set-Up
tt1499658_134,Set-Up
tt1499658_135,Set-Up
tt1499658_136,Set-Up
tt1499658_138,Set-Up
tt1499658_139,Set-Up
tt1499658_140,Set-Up
tt1499658_141,Set-Up
tt1499658_142,Set-Up
tt1499658_143,Set-Up
tt1499658_144,Set-Up
tt1499658_145,Set-Up
tt1499658_146,Set-Up
tt1499658_147,Set-Up
tt1499658_148,Set-Up
tt1499658_149,Set-Up
tt1499658_152,Set-Up
tt1499658_153,Set-Up
tt1499658_154,Set-Up
tt1499658_155,Set-Up
tt1499658_156,Set-Up
tt1499658_157,Set-Up
tt1499658_158,Set-Up
tt1499658_159,Set-Up
tt1499658_160,Set-Up
tt1499658_161,Set-Up
tt1499658_162,Set-Up
tt1499658_163,Set-Up
tt1499658_164,Set-Up
tt1499658_165,Set-Up
tt1499658_167,Set-Up
tt1499658_168,Set-Up
tt1499658_169,Set-Up
tt1499658_170,Set-Up
tt1499658_171,Set-Up
tt1568346_0,Set-Up
tt1568346_2,Set-Up
tt1568346_3,Set-Up
tt1568346_4,Set-Up
tt1568346_6,Set-Up
tt1568346_7,Set-Up
tt1568346_8,Set-Up
tt1568346_14,Set-Up
tt1568346_15,Set-Up
tt1568346_16,Set-Up
tt1568346_19,Set-Up
tt1568346_20,Set-Up
tt1568346_24,Set-Up
tt1568346_25,Set-Up
tt1568346_27,Set-Up
tt1568346_29,Set-Up
tt1568346_30,Set-Up
tt1568346_32,Set-Up
tt1568346_33,Set-Up
tt1568346_34,Set-Up
tt1568346_35,Set-Up
tt1568346_36,Set-Up
tt1568346_38,Set-Up
tt1568346_41,Set-Up
tt1568346_43,Set-Up
tt1568346_45,Set-Up
tt1568346_50,Set-Up
tt1568346_52,Set-Up
tt1568346_54,Set-Up
tt1568346_55,Set-Up
tt1568346_56,Set-Up
tt1568346_61,Set-Up
tt1568346_63,Set-Up
tt1568346_65,Set-Up
tt1568346_67,Set-Up
tt1568346_69,Set-Up
tt1568346_70,Set-Up
tt1568346_71,Set-Up
tt1568346_72,Set-Up
tt1568346_73,Set-Up
tt1568346_74,Set-Up
tt1568346_75,Set-Up
tt1568346_76,Set-Up
tt1568346_78,Set-Up
tt1568346_82,Set-Up
tt1568346_83,Set-Up
tt1568346_84,Set-Up
tt1568346_85,Set-Up
tt1568346_87,Set-Up
tt1568346_88,Set-Up
tt1568346_89,Set-Up
tt1568346_90,Set-Up
tt1568346_93,Set-Up
tt1568346_95,Set-Up
tt1568346_96,Set-Up
tt1568346_97,Set-Up
tt1568346_98,Set-Up
tt1568346_101,Set-Up
tt1568346_105,Set-Up
tt1568346_106,Set-Up
tt1568346_110,Set-Up
tt1568346_111,Set-Up
tt1568346_112,Set-Up
tt1568346_115,Set-Up
tt1568346_116,Set-Up
tt1568346_117,Set-Up
tt1568346_118,Set-Up
tt1568346_120,Set-Up
tt1568346_121,Set-Up
tt1568346_122,Set-Up
tt1568346_123,Set-Up
tt1568346_124,Set-Up
tt1568346_125,Set-Up
tt1568346_126,Set-Up
tt1568346_127,Set-Up
tt1568346_128,Set-Up
tt1568346_132,Set-Up
tt1568346_134,Set-Up
tt1568346_136,Set-Up
tt1568346_137,Set-Up
tt1568346_139,Set-Up
tt1568346_141,Set-Up
tt1568346_142,Set-Up
tt1568346_143,Set-Up
tt1568346_144,Set-Up
tt1568346_145,Set-Up
tt1568346_146,Set-Up
tt1568346_147,Set-Up
tt1568346_148,Set-Up
tt1568346_149,Set-Up
tt1568346_151,Set-Up
tt1568346_153,Set-Up
tt1568346_156,Set-Up
tt1568346_157,Set-Up
tt1568346_158,Set-Up
tt1568346_160,Set-Up
tt1568346_165,Set-Up
tt1568346_166,Set-Up
tt1568346_167,Set-Up
tt1568346_168,Set-Up
tt1568346_169,Set-Up
tt1568346_170,Set-Up
tt1568346_171,Set-Up
tt1568346_172,Set-Up
tt1568346_177,Set-Up
tt1568346_178,Set-Up
tt1568346_179,Set-Up
tt1568346_180,Set-Up
tt1568346_182,Set-Up
tt1568346_183,Set-Up
tt1568346_197,Set-Up
tt1568346_202,Set-Up
tt1568346_208,Set-Up
tt1568346_209,Set-Up
tt1568346_211,Set-Up
tt1568346_213,Set-Up
tt1568346_215,Set-Up
tt1568346_217,Set-Up
tt1568346_219,Set-Up
tt1568346_221,Set-Up
tt1568346_222,Set-Up
tt1568346_223,Set-Up
tt1568346_224,Set-Up
tt1568346_225,Set-Up
tt1568346_226,Set-Up
tt1568346_229,Set-Up
tt1568346_230,Set-Up
tt1568346_231,Set-Up
tt1568346_233,Set-Up
tt1568346_234,Set-Up
tt1568346_235,Set-Up
tt1568346_236,Set-Up
tt1568346_237,Set-Up
tt1568346_238,Set-Up
tt1568346_239,Set-Up
tt1568346_242,Set-Up
tt1568346_243,Set-Up
tt1568346_244,Set-Up
tt1568346_245,Set-Up
tt1568346_246,Set-Up
tt1568346_247,Set-Up
tt1568346_248,Set-Up
tt1568346_249,Set-Up
tt1568346_254,Set-Up
tt1568346_256,Set-Up
tt1568346_258,Set-Up
tt1568346_261,Set-Up
tt1568346_262,Set-Up
tt1568346_265,Set-Up
tt1568346_271,Set-Up
tt1568346_272,Set-Up
tt1568346_273,Set-Up
tt1568346_275,Set-Up
tt1568346_277,Set-Up
tt1568346_279,Set-Up
tt1570728_1,Set-Up
tt1570728_2,Set-Up
tt1570728_3,Set-Up
tt1570728_4,Set-Up
tt1570728_5,Set-Up
tt1570728_7,Set-Up
tt1570728_8,Set-Up
tt1570728_9,Set-Up
tt1570728_10,Set-Up
tt1570728_11,Set-Up
tt1570728_12,Set-Up
tt1570728_13,Set-Up
tt1570728_15,Set-Up
tt1570728_16,Set-Up
tt1570728_17,Set-Up
tt1570728_19,Set-Up
tt1570728_20,Set-Up
tt1570728_21,Set-Up
tt1570728_22,Set-Up
tt1570728_23,Set-Up
tt1570728_24,Set-Up
tt1570728_25,Set-Up
tt1570728_26,Set-Up
tt1570728_27,Set-Up
tt1570728_29,Set-Up
tt1570728_30,Set-Up
tt1570728_31,Set-Up
tt1570728_32,Set-Up
tt1570728_33,Set-Up
tt1570728_34,Set-Up
tt1570728_35,Set-Up
tt1570728_36,Set-Up
tt1570728_37,Set-Up
tt1570728_38,Set-Up
tt1570728_39,Set-Up
tt1570728_40,Set-Up
tt1570728_41,Set-Up
tt1570728_42,Set-Up
tt1570728_43,Set-Up
tt1570728_44,Set-Up
tt1570728_46,Set-Up
tt1570728_47,Set-Up
tt1570728_48,Set-Up
tt1570728_49,Set-Up
tt1570728_50,Set-Up
tt1570728_51,Set-Up
tt1570728_52,Set-Up
tt1570728_53,Set-Up
tt1570728_54,Set-Up
tt1570728_55,Set-Up
tt1570728_56,Set-Up
tt1570728_57,Set-Up
tt1570728_58,Set-Up
tt1570728_59,Set-Up
tt1570728_60,Set-Up
tt1570728_61,Set-Up
tt1570728_62,Set-Up
tt1570728_63,Set-Up
tt1570728_64,Set-Up
tt1570728_65,Set-Up
tt1570728_66,Set-Up
tt1570728_68,Set-Up
tt1570728_69,Set-Up
tt1570728_70,Set-Up
tt1570728_71,Set-Up
tt1570728_73,Set-Up
tt1570728_75,Set-Up
tt1570728_77,Set-Up
tt1570728_78,Set-Up
tt1570728_79,Set-Up
tt1570728_80,Set-Up
tt1570728_81,Set-Up
tt1570728_82,Set-Up
tt1570728_83,Set-Up
tt1570728_84,Set-Up
tt1570728_85,Set-Up
tt1570728_87,Set-Up
tt1570728_88,Set-Up
tt1570728_89,Set-Up
tt1570728_91,Set-Up
tt1570728_92,Set-Up
tt1570728_93,Set-Up
tt1570728_94,Set-Up
tt1570728_95,Set-Up
tt1570728_96,Set-Up
tt1570728_97,Set-Up
tt1570728_98,Set-Up
tt1570728_99,Set-Up
tt1570728_100,Set-Up
tt1570728_101,Set-Up
tt1570728_103,Set-Up
tt1570728_104,Set-Up
tt1570728_105,Set-Up
tt1570728_106,Set-Up
tt1570728_107,Set-Up
tt1570728_108,Set-Up
tt1570728_109,Set-Up
tt1570728_110,Set-Up
tt1632708_0,Set-Up
tt1632708_1,Set-Up
tt1632708_2,Set-Up
tt1632708_3,Set-Up
tt1632708_4,Set-Up
tt1632708_5,Set-Up
tt1632708_6,Set-Up
tt1632708_7,Set-Up
tt1632708_8,Set-Up
tt1632708_9,Set-Up
tt1632708_11,Set-Up
tt1632708_13,Set-Up
tt1632708_14,Set-Up
tt1632708_15,Set-Up
tt1632708_16,Set-Up
tt1632708_17,Set-Up
tt1632708_18,Set-Up
tt1632708_19,Set-Up
tt1632708_20,Set-Up
tt1632708_22,Set-Up
tt1632708_23,Set-Up
tt1632708_24,Set-Up
tt1632708_25,Set-Up
tt1632708_26,Set-Up
tt1632708_28,Set-Up
tt1632708_29,Set-Up
tt1632708_30,Set-Up
tt1632708_31,Set-Up
tt1632708_33,Set-Up
tt1632708_34,Set-Up
tt1632708_35,Set-Up
tt1632708_36,Set-Up
tt1632708_37,Set-Up
tt1632708_38,Set-Up
tt1632708_39,Set-Up
tt1632708_40,Set-Up
tt1632708_41,Set-Up
tt1632708_42,Set-Up
tt1632708_43,Set-Up
tt1632708_44,Set-Up
tt1632708_45,Set-Up
tt1632708_46,Set-Up
tt1632708_47,Set-Up
tt1632708_48,Set-Up
tt1632708_49,Set-Up
tt1632708_50,Set-Up
tt1632708_52,Set-Up
tt1632708_53,Set-Up
tt1632708_54,Set-Up
tt1632708_55,Set-Up
tt1632708_56,Set-Up
tt1632708_57,Set-Up
tt1632708_58,Set-Up
tt1632708_59,Set-Up
tt1632708_60,Set-Up
tt1632708_61,Set-Up
tt1632708_63,Set-Up
tt1632708_65,Set-Up
tt1632708_66,Set-Up
tt1632708_67,Set-Up
tt1632708_69,Set-Up
tt1632708_71,Set-Up
tt1632708_73,Set-Up
tt1632708_74,Set-Up
tt1632708_75,Set-Up
tt1632708_77,Set-Up
tt1632708_78,Set-Up
tt1632708_79,Set-Up
tt1632708_80,Set-Up
tt1632708_81,Set-Up
tt1632708_82,Set-Up
tt1632708_83,Set-Up
tt1632708_84,Set-Up
tt1632708_85,Set-Up
tt1632708_86,Set-Up
tt1632708_87,Set-Up
tt1632708_89,Set-Up
tt1632708_90,Set-Up
tt1632708_91,Set-Up
tt1632708_92,Set-Up
tt1632708_93,Set-Up
tt1632708_94,Set-Up
tt1632708_96,Set-Up
tt1632708_97,Set-Up
tt1632708_98,Set-Up
tt1632708_99,Set-Up
tt1632708_100,Set-Up
tt1632708_101,Set-Up
tt1632708_102,Set-Up
tt1632708_103,Set-Up
tt1632708_105,Set-Up
tt1632708_106,Set-Up
tt1632708_107,Set-Up
tt1632708_108,Set-Up
tt1632708_109,Set-Up
tt1632708_111,Set-Up
tt1632708_112,Set-Up
tt1632708_113,Set-Up
tt1632708_114,Set-Up
tt1632708_115,Set-Up
tt1632708_116,Set-Up
tt1632708_117,Set-Up
tt1632708_118,Set-Up
tt1632708_120,Set-Up
tt1632708_121,Set-Up
tt1632708_122,Set-Up
tt1632708_123,Set-Up
tt1632708_124,Set-Up
tt1632708_125,Set-Up
tt1632708_126,Set-Up
tt1798709_2,Set-Up
tt1798709_3,Set-Up
tt1798709_4,Set-Up
tt1798709_5,Set-Up
tt1798709_8,Set-Up
tt1798709_9,Set-Up
tt1798709_10,Set-Up
tt1798709_11,Set-Up
tt1798709_12,Set-Up
tt1798709_13,Set-Up
tt1798709_14,Set-Up
tt1798709_15,Set-Up
tt1798709_16,Set-Up
tt1798709_17,Set-Up
tt1798709_18,Set-Up
tt1798709_19,Set-Up
tt1798709_20,Set-Up
tt1798709_21,Set-Up
tt1798709_22,Set-Up
tt1798709_23,Set-Up
tt1798709_24,Set-Up
tt1798709_25,Set-Up
tt1798709_27,Set-Up
tt1798709_29,Set-Up
tt1798709_30,Set-Up
tt1798709_31,Set-Up
tt1798709_32,Set-Up
tt1798709_33,Set-Up
tt1798709_34,Set-Up
tt1798709_35,Set-Up
tt1798709_36,Set-Up
tt1798709_37,Set-Up
tt1798709_38,Set-Up
tt1798709_39,Set-Up
tt1798709_40,Set-Up
tt1798709_41,Set-Up
tt1798709_42,Set-Up
tt1798709_44,Set-Up
tt1798709_46,Set-Up
tt1798709_47,Set-Up
tt1798709_48,Set-Up
tt1798709_49,Set-Up
tt1798709_50,Set-Up
tt1798709_51,Set-Up
tt1798709_52,Set-Up
tt1798709_53,Set-Up
tt1798709_54,Set-Up
tt1798709_55,Set-Up
tt1798709_56,Set-Up
tt1798709_57,Set-Up
tt1798709_58,Set-Up
tt1798709_59,Set-Up
tt1798709_60,Set-Up
tt1798709_61,Set-Up
tt1798709_63,Set-Up
tt1798709_64,Set-Up
tt1798709_65,Set-Up
tt1798709_66,Set-Up
tt1798709_67,Set-Up
tt1798709_69,Set-Up
tt1798709_70,Set-Up
tt1798709_71,Set-Up
tt1798709_72,Set-Up
tt1798709_73,Set-Up
tt1798709_74,Set-Up
tt1798709_75,Set-Up
tt1798709_76,Set-Up
tt1798709_77,Set-Up
tt1798709_78,Set-Up
tt1798709_79,Set-Up
tt1798709_81,Set-Up
tt1798709_83,Set-Up
tt1798709_84,Set-Up
tt1798709_85,Set-Up
tt1798709_87,Set-Up
tt1798709_88,Set-Up
tt1798709_89,Set-Up
tt1798709_90,Set-Up
tt1798709_91,Set-Up
tt1798709_92,Set-Up
tt1798709_94,Set-Up
tt1798709_95,Set-Up
tt1798709_96,Set-Up
tt1798709_98,Set-Up
tt1798709_101,Set-Up
tt1798709_102,Set-Up
tt1798709_103,Set-Up
tt1798709_104,Set-Up
tt1798709_107,Set-Up
tt1798709_109,Set-Up
tt1798709_111,Set-Up
tt1798709_112,Set-Up
tt1798709_113,Set-Up
tt1907668_1,Set-Up
tt1907668_5,Set-Up
tt1907668_6,Set-Up
tt1907668_9,Set-Up
tt1907668_12,Set-Up
tt1907668_14,Set-Up
tt1907668_15,Set-Up
tt1907668_16,Set-Up
tt1907668_19,Set-Up
tt1907668_23,Set-Up
tt1907668_24,Set-Up
tt1907668_27,Set-Up
tt1907668_30,Set-Up
tt1907668_33,Set-Up
tt1907668_35,Set-Up
tt1907668_37,Set-Up
tt1907668_38,Set-Up
tt1907668_39,Set-Up
tt1907668_41,Set-Up
tt1907668_42,Set-Up
tt1907668_43,Set-Up
tt1907668_44,Set-Up
tt1907668_45,Set-Up
tt1907668_47,Set-Up
tt1907668_50,Set-Up
tt1907668_51,Set-Up
tt1907668_52,Set-Up
tt1907668_53,Set-Up
tt1907668_54,Set-Up
tt1907668_58,Set-Up
tt1907668_60,Set-Up
tt1907668_62,Set-Up
tt1907668_70,Set-Up
tt1907668_71,Set-Up
tt1907668_74,Set-Up
tt1907668_76,Set-Up
tt1907668_77,Set-Up
tt1907668_78,Set-Up
tt1907668_80,Set-Up
tt1907668_81,Set-Up
tt1907668_82,Set-Up
tt1907668_84,Set-Up
tt1907668_85,Set-Up
tt1907668_87,Set-Up
tt1907668_89,Set-Up
tt1907668_91,Set-Up
tt1907668_92,Set-Up
tt1907668_94,Set-Up
tt1907668_97,Set-Up
tt1907668_98,Set-Up
tt1907668_100,Set-Up
tt1907668_103,Set-Up
tt1907668_104,Set-Up
tt1907668_106,Set-Up
tt1907668_107,Set-Up
tt1907668_114,Set-Up
tt1907668_116,Set-Up
tt1907668_118,Set-Up
tt1907668_120,Set-Up
tt1907668_121,Set-Up
tt1907668_126,Set-Up
tt1907668_128,Set-Up
tt1907668_129,Set-Up
tt1907668_130,Set-Up
tt1907668_132,Set-Up
tt1907668_134,Set-Up
tt1907668_135,Set-Up
tt1907668_136,Set-Up
tt1907668_138,Set-Up
tt1907668_139,Set-Up
tt1907668_140,Set-Up
tt1907668_142,Set-Up
tt1907668_143,Set-Up
tt1907668_144,Set-Up
tt1907668_145,Set-Up
tt1907668_147,Set-Up
tt1907668_149,Set-Up
tt1907668_150,Set-Up
tt1907668_153,Set-Up
tt1907668_155,Set-Up
tt1907668_156,Set-Up
tt1907668_157,Set-Up
tt1907668_158,Set-Up
tt1907668_160,Set-Up
tt1907668_163,Set-Up
tt1907668_164,Set-Up
tt1907668_165,Set-Up
tt1907668_166,Set-Up
tt1907668_168,Set-Up
tt1907668_169,Set-Up
tt1907668_170,Set-Up
tt1907668_171,Set-Up
tt1907668_172,Set-Up
tt1907668_175,Set-Up
tt1907668_177,Set-Up
tt1907668_179,Set-Up
tt1907668_182,Set-Up
tt1907668_184,Set-Up
tt1907668_185,Set-Up
tt1907668_186,Set-Up
tt1907668_188,Set-Up
tt1907668_189,Set-Up
tt1907668_193,Set-Up
tt1907668_196,Set-Up
tt1907668_198,Set-Up
tt1907668_199,Set-Up
tt1907668_201,Set-Up
tt1907668_202,Set-Up
tt1907668_206,Set-Up
tt1907668_209,Set-Up
tt1907668_211,Set-Up
tt1907668_213,Set-Up
tt1907668_214,Set-Up
tt1907668_217,Set-Up
tt1907668_219,Set-Up
tt2267998_2,Set-Up
tt2267998_3,Set-Up
tt2267998_4,Set-Up
tt2267998_5,Set-Up
tt2267998_6,Set-Up
tt2267998_7,Set-Up
tt2267998_8,Set-Up
tt2267998_9,Set-Up
tt2267998_10,Set-Up
tt2267998_12,Set-Up
tt2267998_13,Set-Up
tt2267998_14,Set-Up
tt2267998_15,Set-Up
tt2267998_16,Set-Up
tt2267998_17,Set-Up
tt2267998_18,Set-Up
tt2267998_19,Set-Up
tt2267998_20,Set-Up
tt2267998_21,Set-Up
tt2267998_22,Set-Up
tt2267998_23,Set-Up
tt2267998_24,Set-Up
tt2267998_25,Set-Up
tt2267998_26,Set-Up
tt2267998_28,Set-Up
tt2267998_29,Set-Up
tt2267998_30,Set-Up
tt2267998_31,Set-Up
tt2267998_32,Set-Up
tt2267998_34,Set-Up
tt2267998_35,Set-Up
tt2267998_36,Set-Up
tt2267998_37,Set-Up
tt2267998_38,Set-Up
tt2267998_39,Set-Up
tt2267998_40,Set-Up
tt2267998_42,Set-Up
tt2267998_43,Set-Up
tt2267998_44,Set-Up
tt2267998_45,Set-Up
tt2267998_46,Set-Up
tt2267998_47,Set-Up
tt2267998_48,Set-Up
tt2267998_50,Set-Up
tt2267998_51,Set-Up
tt2267998_52,Set-Up
tt2267998_53,Set-Up
tt2267998_54,Set-Up
tt2267998_55,Set-Up
tt2267998_56,Set-Up
tt2267998_58,Set-Up
tt2267998_59,Set-Up
tt2267998_61,Set-Up
tt2267998_62,Set-Up
tt2267998_63,Set-Up
tt2267998_64,Set-Up
tt2267998_65,Set-Up
tt2267998_66,Set-Up
tt2267998_67,Set-Up
tt2267998_69,Set-Up
tt2267998_70,Set-Up
tt2267998_71,Set-Up
tt2267998_72,Set-Up
tt2267998_73,Set-Up
tt2267998_74,Set-Up
tt2267998_75,Set-Up
tt2267998_76,Set-Up
tt2267998_78,Set-Up
tt2267998_79,Set-Up
tt2267998_80,Set-Up
tt2267998_82,Set-Up
tt2267998_83,Set-Up
tt2267998_84,Set-Up
tt2267998_85,Set-Up
tt2267998_86,Set-Up
tt2267998_87,Set-Up
tt2267998_88,Set-Up
tt2267998_89,Set-Up
tt2267998_90,Set-Up
tt2267998_91,Set-Up
tt2267998_92,Set-Up
tt2267998_93,Set-Up
tt2267998_95,Set-Up
tt2267998_96,Set-Up
tt2267998_97,Set-Up
tt2267998_99,Set-Up
tt2267998_100,Set-Up
tt2267998_101,Set-Up
tt2267998_102,Set-Up
tt2267998_103,Set-Up
tt2267998_104,Set-Up
tt2267998_105,Set-Up
tt2267998_106,Set-Up
tt2267998_107,Set-Up
tt2267998_108,Set-Up
tt2267998_109,Set-Up
tt2267998_111,Set-Up
tt2267998_112,Set-Up
tt2267998_113,Set-Up
tt2267998_115,Set-Up
tt2267998_116,Set-Up
tt2267998_117,Set-Up
tt2267998_118,Set-Up
tt2267998_120,Set-Up
tt2267998_121,Set-Up
tt2267998_123,Set-Up
tt2267998_124,Set-Up
tt2267998_125,Set-Up
tt2267998_126,Set-Up
tt2267998_127,Set-Up
tt2267998_128,Set-Up
tt2267998_129,Set-Up
tt2267998_130,Set-Up
tt2267998_131,Set-Up
tt2267998_134,Set-Up
tt2267998_137,Set-Up
tt2267998_138,Set-Up
tt2267998_140,Set-Up
tt2267998_141,Set-Up
tt2267998_142,Set-Up
tt2267998_143,Set-Up
tt2267998_144,Set-Up
tt2267998_145,Set-Up
tt2267998_146,Set-Up
tt2267998_147,Set-Up
tt2267998_148,Set-Up
tt2267998_149,Set-Up
tt2267998_150,Set-Up
tt2267998_151,Set-Up
tt2267998_152,Set-Up
tt2267998_154,Set-Up
tt2267998_155,Set-Up
tt2267998_156,Set-Up
tt2267998_157,Set-Up
tt2267998_158,Set-Up
tt2267998_159,Set-Up
tt2267998_160,Set-Up
tt2267998_162,Set-Up
tt2267998_163,Set-Up
tt2267998_164,Set-Up
tt2267998_165,Set-Up
tt2267998_166,Set-Up
tt2267998_167,Set-Up
tt2267998_168,Set-Up
tt2267998_169,Set-Up
tt2267998_171,Set-Up
tt2267998_172,Set-Up
tt2267998_173,Set-Up
tt2267998_174,Set-Up
tt2267998_175,Set-Up
tt2267998_176,Set-Up
tt2267998_177,Set-Up
tt2267998_178,Set-Up
tt2267998_179,Set-Up
tt2267998_180,Set-Up
tt2267998_182,Set-Up
tt2267998_183,Set-Up
tt2267998_184,Set-Up
tt2267998_185,Set-Up
tt2267998_186,Set-Up
tt2267998_187,Set-Up
tt2267998_189,Set-Up
tt2267998_190,Set-Up
tt2267998_193,Set-Up
tt2267998_194,Set-Up
tt2267998_195,Set-Up
tt2267998_196,Set-Up
tt2267998_197,Set-Up
tt2267998_198,Set-Up
tt2267998_199,Set-Up
tt2267998_200,Set-Up
tt2267998_201,Set-Up
tt2267998_202,Set-Up
tt2267998_203,Set-Up
tt2267998_204,Set-Up
tt2267998_205,Set-Up
tt2267998_206,Set-Up
tt2267998_207,Set-Up
tt2267998_208,Set-Up
tt2267998_209,Set-Up
tt2267998_210,Set-Up
tt2267998_211,Set-Up
tt2267998_212,Set-Up
tt2267998_213,Set-Up
tt2267998_214,Set-Up
tt2267998_215,Set-Up
tt2267998_216,Set-Up
tt2267998_217,Set-Up
tt2267998_218,Set-Up
tt2267998_219,Set-Up
tt2267998_220,Set-Up
